rank,iso3_code,country_name,year,gii,sdg3_matmort,sdg3_fertility,sdg5_parl,sdg4_second,sdg5_lfpr,gdi,hdi_f,hdi_m,le_f,eys_f,mys_f,gni_pc_f,le_m,eys_m,mys_m,gni_pc_m,gggi,ggg_pe,ggg_epo,ggg_ea,ggg_hs,sdg5_fplmodel,sdg5_edat,sdg5_paygap
0,PHL,Philippines,2000,0.493,160,55,11.261,67.74,62.316,0.976,0.622,0.638,72.81,11.6096,7.7251,3621.408958,65.499,11.1555,7.6372,6151.259097,,,,,,44.3,101.316,
0,PHL,Philippines,2001,0.4906,163,55,17.757,67.74,62.295,0.9786,0.6266,0.6408,72.818,11.67374,7.86306,3756.989248,65.5186,11.16842,7.76104,6281.11696,,,,,,45.5,101.2938,
0,PHL,Philippines,2002,0.4882,160,52.5,17.757,68.749,62.257,0.9812,0.6312,0.6436,72.826,11.73788,8.00102,3892.569538,65.5382,11.18134,7.88488,6410.974824,,,,,,46.3,101.2716,
0,PHL,Philippines,2003,0.4858,156,52.625,17.757,72.163,62.193,0.9838,0.6358,0.6464,72.834,11.80202,8.13898,4028.149829,65.5578,11.19426,8.00872,6540.832687,,,,,,46.1,101.2494,
0,PHL,Philippines,2004,0.4834,156,52.75,15.254,81.67,60.883,0.9864,0.6404,0.6492,72.842,11.86616,8.27694,4163.730119,65.5774,11.20718,8.13256,6670.690551,,,,,,47.4,101.2272,
0,PHL,Philippines,2005,0.481,156,52.875,15.254,78.726,62.346,0.989,0.645,0.652,72.85,11.9303,8.4149,4299.310409,65.597,11.2201,8.2564,6800.548414,,,,,,48.2,101.205,
0,PHL,Philippines,2006,0.4762,156,53,15.254,75.54,62.93,0.991,0.6498,0.6556,73.0824,11.9303,8.54144,4488.035688,65.669,11.26722,8.36372,7027.410566,0.7516,0.7516,0.2695,0.7573,0.9796,48.4,101.4186,
0,PHL,Philippines,2007,0.4714,149,54.3,20.502,68.103,63.188,0.993,0.6546,0.6592,73.3148,11.9303,8.66798,4676.760967,65.741,11.31434,8.47104,7254.272719,0.7629,0.7629,0.2829,0.7891,0.9796,47.8,101.6322,
0,PHL,Philippines,2008,0.4666,148,55.475,20.502,80.606,62.326,0.995,0.6594,0.6628,73.5472,11.9303,8.79452,4865.486247,65.813,11.36146,8.57836,7481.134871,0.7568,0.7568,0.2741,0.7734,0.9796,47.2,101.8458,
0,PHL,Philippines,2009,0.4618,149,56.65,20.974,77.583,63.439,0.997,0.6642,0.6664,73.7796,11.9303,8.92106,5054.211526,65.885,11.40858,8.68568,7707.997024,0.7579,0.7579,0.2915,0.7604,0.9796,48.1,102.0594,
0,PHL,Philippines,2010,0.457,144,57.825,22.143,78.2668,64.018,0.999,0.669,0.67,74.012,11.9303,9.0476,5242.936805,65.957,11.4557,8.793,7934.859176,0.7654,0.7654,0.3212,0.7611,0.9796,49.1,102.273,
0,PHL,Philippines,2011,0.454,141,59,22.887,78.9506,64.462,1.003,0.677,0.674,74.25,12.2457,9.1637,5396.115786,66.062,11.7437,8.8279,7976.248725,0.7685,0.7685,0.3314,0.7632,0.9796,50.2,104.545,
0,PHL,Philippines,2012,0.454,139,57.1,22.887,79.6344,64.3,1.005,0.685,0.681,74.471,12.5611,9.209,5727.598442,66.185,12.0317,8.9023,8361.067064,0.7757,0.7757,0.3515,0.7719,0.9796,51.3,103.371,
0,PHL,Philippines,2013,0.441,136,53.7,27.336,80.3182,64.557,1.007,0.693,0.688,74.673,12.8765,9.3182,6103.838893,66.326,12.3198,8.9767,8792.865001,0.7832,0.7832,0.376,0.7773,0.9796,52.4,103.333,
0,PHL,Philippines,2014,0.439,131,50.3,27.336,81.002,65.019,1.008,0.698,0.692,74.851,12.8765,9.3927,6404.687433,66.48,12.3198,9.0485,9154.337239,0.7814,0.7814,0.3682,0.778,0.9796,53.2,104.444,
0,PHL,Philippines,2015,0.436,127,46.9,27.241,80.06933333,65.379,1.009,0.702,0.696,75.007,12.8765,9.4678,6723.835329,66.644,12.3198,9.1209,9544.897147,0.79,0.79,0.382,0.799,0.98,54,104.396,
0,PHL,Philippines,2016,0.431,124,46.9,29.795,79.13666667,64.016,1.007,0.705,0.7,75.143,12.8765,9.4994,6955.431667,66.81,12.3198,9.1512,10153.67518,0.786,0.786,0.386,0.78,0.98,54.8,103.261,
0,PHL,Philippines,2017,0.432,121,39,29.452,78.204,61.265,1.004,0.708,0.705,75.268,12.8765,9.5668,7154.578892,66.971,12.3198,9.2162,10858.26203,0.79,0.79,0.416,0.764,0.979,55.5,104.348,
0,PHL,Philippines,2018,0.429,121,36.4,29.452,80.518,62.625,1.005,0.712,0.708,75.387,12.9993,9.5668,7547.163404,67.123,12.4404,9.2162,11262.44268,0.799,0.799,0.416,0.801,0.979,56.2,104.348,
0,PHL,Philippines,2019,0.43,121,36.4,27.961,83.088,64.152,1.007,0.72,0.715,75.505,13.49941,9.5668,7843.035176,67.263,12.81631,9.2162,11694.19793,0.799,0.79,0.3845,0.7965,0.979,56.8,104.348,
1,SAU,Saudi Arabia,2000,,24,31,21.132,,21.132,0.834,0.654,0.783,74.436,11.923,5.1321,10049.88108,71.015,11.9901,7.7535,69079.63892,,,,,,39.3,65.385,
1,SAU,Saudi Arabia,2001,,24,,20.864,,20.864,0.843,0.663,0.792,74.445,11.932,5.1411,10049.89008,71.024,11.9991,7.7625,69079.64792,,,,,,39.3,69.308,
1,SAU,Saudi Arabia,2002,,23,,21.079,,21.079,0.852,0.672,0.801,74.454,11.941,5.1501,10049.89908,71.033,12.0081,7.7715,69079.65692,,,,,,39.3,73.231,
1,SAU,Saudi Arabia,2003,,23,,22.009,,22.009,0.861,0.681,0.81,74.463,11.95,5.1591,10049.90808,71.042,12.0171,7.7805,69079.66592,,,,,,39.4,77.154,
1,SAU,Saudi Arabia,2004,,22,14.7,22.973,,22.973,0.87,0.69,0.819,74.472,11.959,5.1681,10049.91708,71.051,12.0261,7.7895,69079.67492,,,,,,39.4,81.077,
1,SAU,Saudi Arabia,2005,0.679,22,22.1,23.969,80.929,23.969,0.879,0.703,0.8,74.881,12.7422,6.8056,13596.53982,71.883,12.6089,8.036,69519.89288,,,,,,39.5,85,
1,SAU,Saudi Arabia,2006,0.6724,21,7,24.996,81.4315,24.996,0.8782,0.7098,0.828,75.0106,12.97636,7.07732,13659.64295,72.0314,13.011,8.28452,69351.36482,0.5241,0,0.2401,0.8797,0.9771,39.7,85.6344,
1,SAU,Saudi Arabia,2007,0.6658,21,7.4,24.353,81.934,24.353,0.8774,0.7166,0.856,75.1402,13.21052,7.34904,13722.74608,72.1798,13.4131,8.53304,69182.83676,0.5647,0,0.321,0.9613,0.9765,39.7,86.2688,
1,SAU,Saudi Arabia,2008,0.6592,20,,23.924,83.838,23.924,0.8766,0.7234,0.884,75.2698,13.44468,7.62076,13785.84921,72.3282,13.8152,8.78156,69014.3087,0.5537,0,0.2589,0.9795,0.9765,39.9,86.9032,
1,SAU,Saudi Arabia,2009,0.6526,20,8.7,23.45,91.561,23.45,0.8758,0.7302,0.912,75.3994,13.67884,7.89248,13848.95234,72.4766,14.2173,9.03008,68845.78064,0.5651,0,0.3096,0.9745,0.9765,40.1,87.5376,
1,SAU,Saudi Arabia,2010,0.646,19,,24.614,99.284,24.614,0.875,0.737,0.843,75.529,13.913,8.1642,13912.05547,72.625,14.6194,9.2786,68677.25258,0.5713,0,0.3351,0.9739,0.9762,40.2,88.172,
1,SAU,Saudi Arabia,2011,0.638,18,,25.834,99.665,25.834,0.881,0.755,0.858,75.705,14.4917,8.436,16348.90767,72.808,15.4071,9.5271,72241.9539,0.5753,0,0.3576,0.9674,0.9762,40.4,88.421,
1,SAU,Saudi Arabia,2012,0.634,18,,26.144,100.6472,26.144,0.884,0.769,0.87,75.871,15.0705,8.7077,17680.09158,72.984,16.1947,9.7756,73029.24901,0.5731,0,0.3404,0.9757,0.9762,40.5,88.776,
1,SAU,Saudi Arabia,2013,0.293,17,,25.632,101.6294,25.632,0.88,0.775,0.881,76.02,15.6493,8.8215,17089.66263,73.147,16.9823,9.9279,73305.76743,0.5879,0.0769,0.3223,0.9761,0.9762,40.7,88.889,
1,SAU,Saudi Arabia,2014,0.288,17,,26.09,102.6116,26.09,0.877,0.781,0.891,76.15,16.027,8.8215,17657.64574,73.293,17.8309,9.9279,73614.84676,0.6059,0.0768,0.3893,0.9868,0.9707,40.9,88.889,
1,SAU,Saudi Arabia,2015,0.277,17,,27.558,103.5938,27.558,0.876,0.78,0.89,76.264,15.7606,8.9001,17579.36509,73.425,17.5346,10.0164,74798.55674,0.605,0.077,0.387,0.988,0.966,41.2,89,
1,SAU,Saudi Arabia,2016,0.265,17,,28.38,104.576,28.38,0.878,0.783,0.892,76.373,15.7765,8.9787,18087.74802,73.548,17.5522,10.1048,73432.65297,0.583,0.077,0.328,0.961,0.966,41.4,89.109,
1,SAU,Saudi Arabia,2017,0.262,17,,25.634,106.479,25.634,0.876,0.781,0.891,76.487,15.7765,8.9787,17094.20659,73.671,17.5522,10.1048,71084.84082,0.584,0.077,0.32,0.975,0.965,42,89.109,
1,SAU,Saudi Arabia,2018,0.258,17,,27.839,104.64,27.839,0.875,0.78,0.891,76.615,15.7765,8.9787,16755.10656,73.799,17.5522,10.1048,71206.11919,0.59,0.077,0.337,0.982,0.963,42.6,89.109,
1,SAU,Saudi Arabia,2019,0.252,17,,33.377,105.458,33.377,0.896,0.791,0.883,76.759,16.01491,9.75244,16511.71198,73.935,16.23254,10.522,70180.91199,0.599,0.077,0.375,0.983,0.963,43.3,93.333,
2,ARE,United Arab Emirates,2000,0.609,6,23,0,82.245,37.276,0.952,0.73,0.767,75.729,11.8146,8.7305,29903.06431,73.516,10.8718,8.15,140539.2501,,,,,,,106.098,
2,ARE,United Arab Emirates,2001,0.6056,6,19.9,0,79.417,37.96,0.952454545,0.736363636,0.773272727,75.9468,12.00418182,9.0312,29748.53523,73.733,11.05618182,8.27194,136247.5469,,,,,,,108.0602,
2,ARE,United Arab Emirates,2002,0.6022,5,20.3,0,76.61,38.648,0.952909091,0.742727273,0.779545455,76.1646,12.19376364,9.3319,29594.00615,73.95,11.24056364,8.39388,131955.8437,,,,,,,110.0224,
2,ARE,United Arab Emirates,2003,0.5988,5,21.7,0,78.01,39.342,0.953363636,0.749090909,0.785818182,76.3824,12.38334545,9.6326,29439.47707,74.167,11.42494545,8.51582,127664.1405,,,,,,,111.9846,
2,ARE,United Arab Emirates,2004,0.5954,5,21.9,0,83.165,40.041,0.953818182,0.755454545,0.792090909,76.6002,12.57292727,9.9333,29284.94799,74.384,11.60932727,8.63776,123372.4373,,,,,,,113.9468,
2,ARE,United Arab Emirates,2005,0.592,5,34.8,0,81.393,40.744,0.954272727,0.761818182,0.798363636,76.818,12.76250909,10.234,29130.41891,74.601,11.79370909,8.7597,119080.7341,,,,,,,115.909,
2,ARE,United Arab Emirates,2006,0.5202,4,33.1,5,79.34,41.992,0.954727273,0.768181818,0.804636364,77.0084,12.95209091,10.36434,26915.32877,74.8056,11.97809091,8.784,108729.3371,0.5919,0.0147,0.4027,0.9861,0.9643,,117.2216,
2,ARE,United Arab Emirates,2007,0.4484,4,33.9,22.5,74.35,43.253,0.955181818,0.774545455,0.810909091,77.1988,13.14167273,10.49468,24700.23862,75.0102,12.16247273,8.8083,98377.94018,0.6184,0.1046,0.421,0.9868,0.9612,,118.5342,
2,ARE,United Arab Emirates,2008,0.3766,4,32.3,22.5,79.3765,44.525,0.955636364,0.780909091,0.817181818,77.3892,13.33125455,10.62502,22485.14848,75.2148,12.34685455,8.8326,88026.54322,0.622,0.1114,0.4198,0.9955,0.9612,,119.8468,
2,ARE,United Arab Emirates,2009,0.3048,4,34.2,22.5,84.403,45.808,0.956090909,0.787272727,0.823454545,77.5796,13.52083636,10.75536,20270.05833,75.4194,12.53123636,8.8569,77675.14626,0.6198,0.1114,0.4148,0.9918,0.9612,,121.1594,
2,ARE,United Arab Emirates,2010,0.233,4,30.44285714,22.5,84.434,47.098,0.956545455,0.793636364,0.829727273,77.77,13.71041818,10.8857,18054.96819,75.624,12.71561818,8.8812,67323.7493,0.6397,0.1394,0.4605,0.9977,0.9612,,122.472,
2,ARE,United Arab Emirates,2011,0.236,4,26.68571429,17.5,84.514,48.396,0.957,0.8,0.836,77.957,13.9,11.0541,19171.14605,75.823,12.9,9.0187,68935.13339,0.6454,0.1394,0.4898,0.9914,0.9612,,123.333,
2,ARE,United Arab Emirates,2012,0.226,4,22.92857143,17.5,73.025,49.7,0.959,0.806,0.841,78.143,13.9811,11.2226,20430.107,76.022,13.0011,9.1561,70836.9124,0.6392,0.1206,0.4751,1,0.9612,,121.739,
2,ARE,United Arab Emirates,2013,0.215,3,19.17142857,17.5,74.919,51.007,0.932,0.814,0.874,78.325,14.0621,11.3911,22255.51395,76.219,13.16014787,11.20514,74446.86901,0.6372,0.1206,0.4672,1,0.9612,,101.786,
2,ARE,United Arab Emirates,2014,0.203,3,15.41428571,17.5,81.706,52.316,0.933,0.822,0.881,78.504,14.1432,11.5595,24130.31995,76.414,13.31919575,11.51082,77980.80524,0.6436,0.1106,0.5152,0.9875,0.9612,,100.87,
2,ARE,United Arab Emirates,2015,0.175,3,11.65714286,22.5,85.7468,53.625,0.935,0.83,0.887,78.678,14.2242,11.728,26228.70661,76.605,13.47824362,11.8165,82054.28999,0.646,0.115,0.519,0.987,0.961,,99.153,
2,ARE,United Arab Emirates,2016,0.162,3,7.9,22.5,89.7876,54.934,0.935,0.836,0.894,78.846,14.3053,11.8964,27460.9241,76.79,13.63729149,12.12218,83903.65185,0.639,0.139,0.456,1,0.961,,98.347,
2,ARE,United Arab Emirates,2017,0.158,3,6.4,22.5,93.8284,56.736,0.928,0.836,0.9,79.008,14.3053,11.6769,28534.97059,76.966,13.79633937,12.42786,84824.81432,0.649,0.18,0.459,0.994,0.965,,94.355,
2,ARE,United Arab Emirates,2018,0.142,3,3.8,22.5,97.8692,54.017,0.926,0.836,0.903,79.164,14.3053,11.6769,28349.57704,77.133,13.95538724,12.42786,84352.62228,0.642,0.18,0.439,0.979,0.972,,94.355,
2,ARE,United Arab Emirates,2019,0.079,3,3.8,50,101.91,53.948,0.931,0.842,0.905,79.314,14.81044081,11.6769,28577.6578,77.291,14.11443511,12.42786,84722.52254,0.655,0.191,0.472,0.987,0.972,,94.355,
3,KWT,Kuwait,2000,0.586,10,16.9,0,89.262,57.442,0.96,0.751,0.782,74.303,14.6869,6.08,31684.94598,72.382,13.3597,5.8588,90884.5073,,,,,,59.8,103.39,
3,KWT,Kuwait,2001,0.545,10,17,0,85.985,57.834,0.9648,0.7548,0.782,74.3742,14.74982,6.158,33082.73145,72.4676,13.33178,5.86056,95489.82676,,,,,,60.3,104.7458,
3,KWT,Kuwait,2002,0.504,10,17.1,0,92.837,58.058,0.9696,0.7586,0.782,74.4454,14.81274,6.236,34480.51691,72.5532,13.30386,5.86232,100095.1462,,,,,,60.7,106.1016,
3,KWT,Kuwait,2003,0.463,10,17.2,0,95.706,57.434,0.9744,0.7624,0.782,74.5166,14.87566,6.314,35878.30238,72.6388,13.27594,5.86408,104700.4657,,,,,,61.1,107.4574,
3,KWT,Kuwait,2004,0.422,10,17.1,0,99.251,57.325,0.9792,0.7662,0.782,74.5878,14.93858,6.392,37276.08784,72.7244,13.24802,5.86584,109305.7851,,,,,,61.4,108.8132,
3,KWT,Kuwait,2005,0.381,10,16.8,1.538,111.924,57.227,0.984,0.77,0.782,74.659,15.0015,6.47,38673.87331,72.81,13.2201,5.8676,113911.1046,,,,,,61.8,110.169,
3,KWT,Kuwait,2006,0.3832,10,16,1.538,81.929,57.139,0.9816,0.7698,0.7838,74.8106,14.82238,6.60934,37969.63978,72.974,13.11168,6.02142,108525.0531,0.6341,0.0047,0.5773,0.9932,0.9611,62.2,109.9534,
3,KWT,Kuwait,2007,0.3422,10,14.1,1.538,97.293,57.064,0.9792,0.7696,0.7856,74.9622,14.64326,6.74868,37265.40625,73.138,13.00326,6.17524,103139.0016,0.6409,0.0099,0.6036,0.9888,0.9612,62.6,109.7378,
3,KWT,Kuwait,2008,0.3444,10,12.9,3.077,94.988,56.997,0.9768,0.7694,0.7874,75.1138,14.46414,6.88802,36561.17272,73.302,12.89484,6.32906,97752.95015,0.6358,0.0224,0.5697,0.99,0.9612,63,109.5222,
3,KWT,Kuwait,2009,0.3034,10,12.2,7.692,96.763,56.939,0.9744,0.7692,0.7892,75.2654,14.28502,7.02736,35856.93919,73.466,12.78642,6.48288,92366.89866,0.6356,0.0435,0.5571,0.9807,0.9612,63.3,109.3066,
3,KWT,Kuwait,2010,0.228,10,11.5,7.692,96.876,56.893,0.972,0.769,0.791,75.417,14.1059,7.1667,35152.70566,73.63,12.678,6.6367,86980.84718,0.6318,0.0435,0.5369,0.9858,0.9612,63.6,109.091,
3,KWT,Kuwait,2011,0.224,10,9.9,7.692,94.7355,56.854,0.969,0.77,0.795,75.605,13.9268,7.2411,36307.53369,73.816,12.5695,6.8919,89464.57989,0.6322,0.0435,0.5407,0.9834,0.9612,63.9,104.348,
3,KWT,Kuwait,2012,0.241,11,8.7,6.154,92.595,56.825,0.968,0.773,0.799,75.779,13.7477,7.4534,37481.17439,73.99,12.4611,7.2364,91574.70511,0.632,0.0165,0.5567,0.9936,0.9612,64.2,104.167,
3,KWT,Kuwait,2013,0.235,11,7.2,6.154,88.98,56.804,0.981,0.777,0.793,75.933,14.302,7.3347,36390.27413,74.146,12.9087,6.3826,87623.62737,0.6292,0.037,0.5252,0.9936,0.9612,64.5,114.063,
3,KWT,Kuwait,2014,0.33,11,6.6,1.538,89.15233333,56.791,0.981,0.78,0.795,76.063,14.302,7.5327,35439.5602,74.281,12.75880166,6.6014,84271.65375,0.6457,0.0275,0.6083,0.9905,0.9567,64.8,113.636,
3,KWT,Kuwait,2015,0.328,11,6.1,1.538,89.32466667,56.787,0.977,0.782,0.8,76.173,14.302,7.7307,34552.54215,74.396,12.85678733,6.8202,81398.31631,0.646,0.022,0.615,0.991,0.957,65,113.235,
3,KWT,Kuwait,2016,0.312,12,6.6,2,89.497,56.79,0.978,0.784,0.802,76.269,14.302,7.8731,34745.92408,74.495,12.954773,6.8559,82204.19394,0.624,0.022,0.52,0.997,0.957,65.4,114.493,
3,KWT,Kuwait,2017,0.277,12,6.3,3.077,92.597,57.126,0.974,0.784,0.804,76.364,14.302,8.0154,32585.95499,74.584,13.05275866,6.8916,77125.59502,0.628,0.027,0.518,0.996,0.969,65.6,115.942,
3,KWT,Kuwait,2018,0.274,12,5,3.077,94.294,57.109,0.973,0.784,0.806,76.467,14.302,8.0154,32297.3722,74.672,13.15074433,6.8916,77020.75571,0.63,0.027,0.541,0.992,0.961,66,115.942,
3,KWT,Kuwait,2019,0.242,12,5,4.615,92.429,57.159,0.983,0.793,0.807,76.58,15.24291,7.9741,31697.75369,74.76,13.24873,6.83248,75839.64558,0.65,0.053,0.589,0.997,0.961,66.2,117.647,
5,QAT,Qatar,2000,,14,17.6,,,46.648,1.012,0.81,0.801,78.9,13.7864,8.7104,41628.88718,76.527,11.9609,6.9863,114979.9305,,,,,,56.5,124.286,
5,QAT,Qatar,2001,,14,17.5,,,47.343,1.0024,0.8096,0.8084,79.0866,13.73316,8.86348,39498.13541,76.6654,12.16288,7.27442,113626.0721,,,,,,56.9,122.0478,
5,QAT,Qatar,2002,,13,19.9,,,47.754,0.9928,0.8092,0.8158,79.2732,13.67992,9.01656,37367.38364,76.8038,12.36486,7.56254,112272.2137,,,,,,57.3,119.8096,
5,QAT,Qatar,2003,,13,16.9,,,48.291,0.9832,0.8088,0.8232,79.4598,13.62668,9.16964,35236.63188,76.9422,12.56684,7.85066,110918.3553,,,,,,57.7,117.5714,
5,QAT,Qatar,2004,,13,16.8,,,48.251,0.9736,0.8084,0.8306,79.6464,13.57344,9.32272,33105.88011,77.0806,12.76882,8.13878,109564.4969,,,,,,58,115.3332,
5,QAT,Qatar,2005,,12,14.6,,96.675,48.906,0.964,0.808,0.838,79.833,13.5202,9.4758,30975.12834,77.219,12.9708,8.4269,108210.6385,,,,,,58.4,113.095,
5,QAT,Qatar,2006,,11,14,0,88.644,50.644,0.9656,0.808,0.8366,80.0124,13.49554,9.35814,31535.61948,77.3616,12.83656,8.39032,108463.2131,,,,,,58.8,112.1834,
5,QAT,Qatar,2007,,11,15.9,0,87.395,52.015,0.9672,0.808,0.8352,80.1918,13.47088,9.24048,32096.11062,77.5042,12.70232,8.35374,108715.7878,0.6041,0.0206,0.4556,0.993,0.9474,59.3,111.2718,
5,QAT,Qatar,2008,,11,13.8,0,106.162,51.673,0.9688,0.808,0.8338,80.3712,13.44622,9.12282,32656.60175,77.6468,12.56808,8.31716,108968.3624,0.5948,0.0206,0.4146,0.9966,0.9474,59.7,110.3602,
5,QAT,Qatar,2009,,10,14.8,0,118.65,51.485,0.9704,0.808,0.8324,80.5506,13.42156,9.00516,33217.09289,77.7894,12.43384,8.28058,109220.9371,0.5907,0.0206,0.4005,0.9946,0.947,60,109.4486,
5,QAT,Qatar,2010,0.557,10,15.2,0,116.141,53.181,0.972,0.808,0.831,80.73,13.3969,8.8875,33777.58403,77.932,12.2996,8.244,109473.5117,0.6059,0,0.4829,0.9887,0.9522,60.4,108.537,
5,QAT,Qatar,2011,0.535,10,13.95,0,113.632,54.625,0.986,0.832,0.844,80.893,13.595,9.9986,39038.75562,78.063,13.1257,8.4176,112935.2609,0.623,0,0.5473,0.9924,0.9522,60.7,119.048,
5,QAT,Qatar,2012,0.536,10,12.7,0,98.6055,56.116,1.025,0.843,0.822,81.049,13.50647,10.6006,41713.45877,78.188,10.72786,8.8797,110314.6168,0.6264,0,0.5557,0.9978,0.9522,61.3,119.101,
5,QAT,Qatar,2013,0.538,10,10.1,0,83.579,57.664,1.024,0.846,0.826,81.198,13.27838,10.8252,43819.67299,78.311,10.11273,9.6544,109313.4766,0.6299,0,0.5735,0.9941,0.9522,61.4,111.34,
5,QAT,Qatar,2014,0.53,10,9.7,0,85.016,59.223,1.03,0.855,0.83,81.34,13.66798,11.0665,45044.31595,78.433,10.53289,9.514,108827.4578,0.6403,0.013,0.6197,0.9764,0.9522,61.8,116.842,
5,QAT,Qatar,2015,0.524,9,10,0,89.196,60.737,1.032,0.863,0.837,81.477,14.15635,11.0792,46846.81987,78.558,11.11992,9.4281,111031.7066,0.645,0.013,0.632,0.977,0.957,62,118.085,
5,QAT,Qatar,2016,0.521,9,10.3,0,90.883,60.805,1.029,0.864,0.84,81.61,14.11678,11.0919,47873.4922,78.69,11.43387,9.3422,110699.3394,0.643,0.013,0.619,0.982,0.957,62.5,119.355,
5,QAT,Qatar,2017,0.188,9,8.5,9.756,84.588,60.841,1.032,0.863,0.836,81.743,14.05556,11.0919,46282.20278,78.83,11.1052,9.3422,110427.8639,0.626,0.016,0.523,1,0.965,62.9,119.355,
5,QAT,Qatar,2018,0.187,9,7.2,9.756,89.227,60.766,1.031,0.863,0.837,81.876,14.05556,11.0919,46082.54689,78.981,11.1052,9.3422,109896.6441,0.629,0.05,0.511,0.995,0.961,63.2,119.355,
5,QAT,Qatar,2019,0.185,9,7.2,9.756,94.837,60.695,1.03,0.866,0.841,82.01,14.09975,11.28132,45338.14107,79.142,11.34201,9.36681,107833.0289,0.629,0.052,0.512,0.99,0.961,63.4,120.213,
6,SGP,Singapore,2000,0.253,13,8.8,4.301,,65.879,0.935,0.79,0.845,80.536,12.5,8.28,35618.26087,75.514,12.9,9.54,74988.27907,,,,,,71.9,87.368,
6,SGP,Singapore,2001,0.2334,13,8.4,11.765,,66.561,0.9384,0.801,0.8536,80.9906,12.76,8.60658,36883.25577,75.9628,13.1,9.84194,76766.42581,,,,,,72.1,87.7322,
6,SGP,Singapore,2002,0.2138,14,8,11.765,,65.75,0.9418,0.812,0.8622,81.4452,13.02,8.93316,38148.25068,76.4116,13.3,10.14388,78544.57255,,,,,,72.4,88.0964,
6,SGP,Singapore,2003,0.1942,13,6.7,15.957,,67.153,0.9452,0.823,0.8708,81.8998,13.28,9.25974,39413.24558,76.8604,13.5,10.44582,80322.7193,,,,,,72.7,88.4606,
6,SGP,Singapore,2004,0.1746,14,6.6,15.957,,68.193,0.9486,0.834,0.8794,82.3544,13.54,9.58632,40678.24049,77.3092,13.7,10.74776,82100.86604,,,,,,73,88.8248,
6,SGP,Singapore,2005,0.155,13,7.2,15.957,,68.589,0.952,0.845,0.888,82.809,13.8,9.9129,41943.23539,77.758,13.9,11.0497,83879.01278,,,,,,73.3,89.189,
6,SGP,Singapore,2006,0.1428,13,6.6,21.176,,68.983,0.956,0.854,0.8936,83.0794,14.1,10.08362,44267.83129,78.0976,14.14,11.16492,86999.78595,0.655,0.0833,0.6459,0.9308,0.9598,73.6,89.9718,
6,SGP,Singapore,2007,0.1306,12,6.1,24.468,,69.38,0.96,0.863,0.8992,83.3498,14.4,10.25434,46592.42719,78.4372,14.38,11.28014,90120.55912,0.6609,0.1005,0.6546,0.9308,0.9575,73.8,90.7546,
6,SGP,Singapore,2008,0.1184,11,6.1,24.468,,72.887,0.964,0.872,0.9048,83.6202,14.7,10.42506,48917.0231,78.7768,14.62,11.39536,93241.33228,0.6625,0.1005,0.6544,0.9376,0.9575,74,91.5374,
6,SGP,Singapore,2009,0.1062,10,5,23.404,,72.205,0.968,0.881,0.9104,83.8906,15,10.59578,51241.619,79.1164,14.86,11.51058,96362.10545,0.6664,0.1005,0.6707,0.937,0.9575,74.3,92.3202,
6,SGP,Singapore,2010,0.094,10,4.8,23.404,,73.846,0.972,0.89,0.916,84.161,15.3,10.7665,53566.2149,79.456,15.1,11.6258,99482.87862,0.6914,0.1076,0.7527,0.9375,0.9677,74.5,93.103,
6,SGP,Singapore,2011,0.092,10,4.7,22.222,,74.97,0.973,0.895,0.921,84.335,15.5,10.8305,55098.64969,79.721,15.3,11.6986,100403.0055,0.6914,0.1014,0.7585,0.9381,0.9677,74.7,92.308,
6,SGP,Singapore,2012,0.082,10,4.3,24.242,,75.801,0.973,0.903,0.928,84.502,16,10.8805,56009.11397,79.974,15.8,11.789,100914.5904,0.6989,0.0951,0.7876,0.9409,0.9719,75,92.373,
6,SGP,Singapore,2013,0.078,9,3.8,24.242,,76.443,0.974,0.906,0.93,84.674,15.9843,10.9304,57765.31936,80.221,15.7239,11.8795,102718.8917,0.7,0.0989,0.7883,0.9409,0.9719,75.3,91.597,
6,SGP,Singapore,2014,0.07,8,3.3,25.253,,77.656,0.981,0.917,0.935,84.854,16.209,10.9804,68273.37237,80.462,15.9802,11.97,100391.3135,0.7046,0.1201,0.7899,0.9413,0.9671,75.5,91.667,
6,SGP,Singapore,2015,0.067,9,2.7,23.913,,78.844,0.982,0.92,0.937,85.041,16.3,11.0303,68930.67598,80.698,16,12.0604,96768.84231,0.711,0.119,0.814,0.945,0.967,75.9,90.909,
6,SGP,Singapore,2016,0.066,8,2.7,23.762,107.366,79.277,0.984,0.923,0.938,85.23,16.4,11.0303,70189.92807,80.926,16,12.0604,99391.59955,0.712,0.111,0.793,0.975,0.967,76.1,90.909,
6,SGP,Singapore,2017,0.067,8,2.6,23,104.632,78.678,0.987,0.926,0.938,85.411,16.4,11.0596,72244.46205,81.141,16,11.9718,101842.9527,0.702,0.11,0.752,0.977,0.971,76.3,92.5,
6,SGP,Singapore,2018,0.066,8,2.5,23,99.647,79.191,0.986,0.927,0.941,85.578,16.5298,11.0596,71255.14424,81.341,16.1266,11.9718,103435.8954,0.707,0.113,0.761,0.988,0.965,76.6,92.5,
6,SGP,Singapore,2019,0.065,8,2.1,23,100.16,79.329,0.985,0.931,0.945,85.728,16.65767,11.17682,71387.27614,81.526,16.28347,12.1125,103421.3857,0.724,0.159,0.782,0.99,0.965,76.9,92.562,
8,JPN,Japan,2000,0.135,9,5.4,7.292,,64.444,0.95,0.831,0.875,84.484,14.1252,10.48,21373.40615,77.681,14.3917,11.01,51249.63885,,,,,,61.9,95.455,33.859
8,JPN,Japan,2001,0.1372,8,5.8,7.292,,64.919,0.951,0.8348,0.8782,84.7152,14.20314,10.582,21707.05409,77.8916,14.46362,11.082,51803.02528,,,,,,62.1,95.6622,33.865
8,JPN,Japan,2002,0.1394,8,6,7.292,,64.92,0.952,0.8386,0.8814,84.9464,14.28108,10.684,22040.70202,78.1022,14.53554,11.154,52356.41171,,,,,,62.5,95.8694,32.53
8,JPN,Japan,2003,0.1416,7,5.7,7.083,,65.071,0.953,0.8424,0.8846,85.1776,14.35902,10.786,22374.34996,78.3128,14.60746,11.226,52909.79814,,,,,,62.9,96.0766,31.997
8,JPN,Japan,2004,0.1438,7,5.5,7.083,,65.692,0.954,0.8462,0.8878,85.4088,14.43696,10.888,22707.99789,78.5234,14.67938,11.298,53463.18457,,,,,,63.4,96.2838,31.087
8,JPN,Japan,2005,0.146,7,5.2,8.958,,65.963,0.955,0.85,0.891,85.64,14.5149,10.99,23041.64583,78.734,14.7513,11.37,54016.571,,,,,,64,96.491,32.825
8,JPN,Japan,2006,0.141,7,4.9,9.375,,66.202,0.956,0.853,0.893,85.7548,14.5924,11.06,23449.8649,78.9048,14.83222,11.434,53697.58805,0.6447,0.0675,0.5453,0.9864,0.9796,64.2,96.509,32.981
8,JPN,Japan,2007,0.136,6,4.8,9.375,,66.215,0.957,0.856,0.895,85.8696,14.6699,11.13,23858.08397,79.0756,14.91314,11.498,53378.60509,0.6455,0.0675,0.5489,0.9864,0.9791,64.4,96.527,31.742
8,JPN,Japan,2008,0.131,6,5,9.375,,66.584,0.958,0.859,0.897,85.9844,14.7474,11.2,24266.30303,79.2464,14.99406,11.562,53059.62214,0.6434,0.0651,0.544,0.9854,0.9791,64.5,96.545,30.694
8,JPN,Japan,2009,0.126,6,4.8,11.25,,67.315,0.959,0.862,0.899,86.0992,14.8249,11.27,24674.5221,79.4172,15.07498,11.626,52740.63918,0.6445,0.0651,0.5488,0.9851,0.9791,64.5,96.563,28.285
8,JPN,Japan,2010,0.121,6,4.5,11.25,,67.617,0.96,0.865,0.901,86.214,14.9024,11.34,25082.74117,79.588,15.1559,11.69,52421.65623,0.6524,0.0722,0.5718,0.986,0.9796,64.6,96.581,28.684
8,JPN,Japan,2011,0.12,6,4.5,10.833,,67.656,0.962,0.872,0.906,86.325,15.0486,11.646,25367.46444,79.778,15.2959,11.858,52352.72678,0.6514,0.0724,0.5673,0.9862,0.9796,64.6,97.479,27.395
8,JPN,Japan,2012,0.129,5,4.4,7.917,,67.971,0.964,0.878,0.91,86.454,15.1094,11.952,25911.0883,79.985,15.3383,12.026,52975.42717,0.653,0.0705,0.5756,0.9869,0.9791,64.7,100,26.524
8,JPN,Japan,2013,0.13,5,4.4,8.125,100,69.361,0.968,0.884,0.914,86.604,15.1244,12.258,27056.03135,80.208,15.3154,12.194,54027.59179,0.6498,0.0603,0.5841,0.9757,0.9791,64.6,100.82,26.588
8,JPN,Japan,2014,0.127,5,4.5,8.125,100,69.886,0.971,0.89,0.917,86.775,15.1373,12.564,27653.15364,80.444,15.2872,12.362,54013.27888,0.6584,0.0583,0.6182,0.9781,0.9791,64.5,101.613,25.871
8,JPN,Japan,2015,0.121,5,4.1,9.474,100,70.556,0.971,0.892,0.918,86.961,15.1677,12.564,28258.92573,80.684,15.2946,12.362,54731.66995,0.67,0.103,0.611,0.988,0.979,63.9,101.613,25.732
8,JPN,Japan,2016,0.109,5,3.7,9.474,100,71.45,0.974,0.898,0.921,87.154,15.1677,12.87,28746.06176,80.918,15.2946,12.53,54399.39717,0.66,0.103,0.569,0.99,0.979,64.1,103.2,24.601
8,JPN,Japan,2017,0.103,5,3.4,10.108,,72.481,0.976,0.901,0.923,87.341,15.1867,12.87,29767.14964,81.135,15.2722,12.53,55455.50805,0.657,0.078,0.58,0.991,0.98,64.6,103.2,24.518
8,JPN,Japan,2018,0.1,5,3.1,10.108,100,73.736,0.977,0.904,0.925,87.514,15.1867,13.011,30276.37146,81.329,15.2722,12.589,55434.18041,0.662,0.081,0.595,0.994,0.979,65.2,103.175,23.537
8,JPN,Japan,2019,0.094,5,3.1,10.108,100,74.651,0.978,0.906,0.927,87.669,15.18894,13.062,30583.92966,81.497,15.2722,12.638,55869.37695,0.652,0.049,0.598,0.983,0.979,65.8,103.968,23.48
9,AUS,Australia,2000,0.16,7,17.8,22.973,,75.615,0.961,0.88,0.915,82.255,20.9624,11.16,27584.22575,76.917,20.1014,11.9708,47739.22117,,,,,,,93.333,17.2
9,AUS,Australia,2001,0.1558,6,17.9,,,76.607,0.9628,0.8822,0.9156,82.4724,20.88382,11.1568,28249.72837,77.244,20.07622,11.82816,48440.10881,,,,,,,94.3124,14.342
9,AUS,Australia,2002,0.1516,6,17.4,25.333,,76.946,0.9646,0.8844,0.9162,82.6898,20.80524,11.1536,28915.23099,77.571,20.05104,11.68552,49140.99644,,,,,,,95.2918,15
9,AUS,Australia,2003,0.1474,6,16.2,25.333,,78.152,0.9664,0.8866,0.9168,82.9072,20.72666,11.1504,29580.73361,77.898,20.02586,11.54288,49841.88408,,,,,,,96.2712,13.043
9,AUS,Australia,2004,0.1432,5,16.2,24.667,,77.876,0.9682,0.8888,0.9174,83.1246,20.64808,11.1472,30246.23623,78.225,20.00068,11.40024,50542.77171,,,,,,,97.2506,14.353
9,AUS,Australia,2005,0.139,5,16.6,24.667,100,79.027,0.97,0.891,0.918,83.342,20.5695,11.144,30911.73885,78.552,19.9755,11.2576,51243.65935,,,,,,,98.23,15.778
9,AUS,Australia,2006,0.1388,5,16.3,24.667,100,79.624,0.9712,0.8962,0.9224,83.4984,20.51986,11.44756,31641.62396,78.7958,19.829,11.505,51514.05533,0.7163,0.1634,0.7259,1,0.9761,,98.904,16.667
9,AUS,Australia,2007,0.1386,5,17.1,26.667,100,80.085,0.9724,0.9014,0.9268,83.6548,20.47022,11.75112,32371.50907,79.0396,19.6825,11.7524,51784.4513,0.7204,0.1634,0.744,1,0.9741,,99.578,15.4
9,AUS,Australia,2008,0.1384,5,18.4,26.667,100,80.625,0.9736,0.9066,0.9312,83.8112,20.42058,12.05468,33101.39419,79.2834,19.536,11.9998,52054.84728,0.7241,0.1915,0.7307,1,0.9741,,100.252,11.937
9,AUS,Australia,2009,0.1382,5,17.9,27.333,100,81.259,0.9748,0.9118,0.9356,83.9676,20.37094,12.35824,33831.2793,79.5272,19.3895,12.2472,52325.24325,0.7282,0.1915,0.7477,1,0.9737,,100.926,16.364
9,AUS,Australia,2010,0.138,5,16.7,24.667,100,80.997,0.976,0.917,0.94,84.124,20.3213,12.6618,34561.16441,79.771,19.243,12.4946,52595.63923,0.7271,0.1917,0.7428,1,0.9739,,101.6,14.043
9,AUS,Australia,2011,0.132,6,16.1,24.667,100,81.557,0.976,0.92,0.942,84.262,20.6535,12.7723,34973.06706,79.983,19.5199,12.5448,52844.85365,0.7291,0.1861,0.7565,1,0.9739,,102.4,15.966
9,AUS,Australia,2012,0.127,6,16.1,24.667,100,81.932,0.976,0.924,0.947,84.402,20.9397,12.9402,36197.71384,80.188,19.7756,12.7584,54445.79639,0.7294,0.1847,0.7593,1,0.9735,,100.781,13.75
9,AUS,Australia,2013,0.119,6,14.6,26,100,82.195,0.975,0.918,0.942,84.546,20.9123,12.2193,36816.8694,80.385,19.9663,12.14,55196.50719,0.739,0.1945,0.7879,1,0.9735,,100.826,18
9,AUS,Australia,2014,0.116,6,12.9,26,100,82.664,0.975,0.92,0.944,84.693,20.9123,12.2939,37272.99072,80.576,19.9663,12.2142,55580.08339,0.7409,0.1887,0.801,1,0.9737,,100.82,17.051
9,AUS,Australia,2015,0.11,6,11.9,26.667,100,83.148,0.975,0.925,0.948,84.843,20.9123,12.5724,37915.58713,80.764,19.9663,12.4909,56232.77764,0.733,0.193,0.766,1,0.974,,100.8,15.385
9,AUS,Australia,2016,0.108,6,10.3,28.667,100,84.051,0.975,0.927,0.95,84.993,20.9123,12.6208,38479.67151,80.949,20.0032,12.539,56523.74971,0.721,0.193,0.719,1,0.974,,100.8,13.728
9,AUS,Australia,2017,0.104,6,10.1,28.667,100,84.666,0.976,0.929,0.952,85.137,23.3266,12.724,38720.62547,81.132,22.5204,12.6414,56501.40799,0.731,0.232,0.724,1,0.97,,100.794,14.508
9,AUS,Australia,2018,0.103,6,9.4,28.667,99.936,85.244,0.976,0.93,0.953,85.274,22.58487,12.724,39236.94964,81.313,21.6278,12.6414,56881.03949,0.73,0.232,0.718,1,0.971,,100.794,16.143
9,AUS,Australia,2019,0.097,6,9.4,30.464,99.917,85.714,0.976,0.932,0.955,85.403,22.43083,12.79604116,39286.57417,81.492,21.48273,12.65123522,56953.61353,0.731,0.231,0.722,1,0.971,,100.787,14.966
10,MYS,Malaysia,2000,0.304,38,12,10.363,88.409,57.204,0.926,0.691,0.746,74.786,12.181,8.0135,8797.844598,70.603,11.7182,9.2074,20382.12584,,,,,,48,86.957,10.363
10,MYS,Malaysia,2001,0.3002,36,15.4,10.363,85.488,57.158,0.9276,0.6924,0.7462,74.9936,12.37018,7.77912,9091.691146,70.7834,11.8432,8.94826,21113.06627,,,,,,48.1,86.7808,10.363
10,MYS,Malaysia,2002,0.2964,34,13.3,10.363,84.057,57.112,0.9292,0.6938,0.7464,75.2012,12.55936,7.54474,9385.537695,70.9638,11.9682,8.68912,21844.0067,,,,,,48.2,86.6046,10.363
10,MYS,Malaysia,2003,0.2926,33,12.8,10.471,94.098,57.067,0.9308,0.6952,0.7466,75.4088,12.74854,7.31036,9679.384243,71.1442,12.0932,8.42998,22574.94712,,,,,,48.2,86.4284,10.471
10,MYS,Malaysia,2004,0.2888,32,12.8,9.132,90.218,57.021,0.9324,0.6966,0.7468,75.6164,12.93772,7.07598,9973.230792,71.3246,12.2182,8.17084,23305.88755,,,,,,48.2,86.2522,9.132
10,MYS,Malaysia,2005,0.285,31,12.4,9.132,86.413,56.976,0.934,0.698,0.747,75.824,13.1269,6.8416,10267.07734,71.505,12.3432,7.9117,24036.82798,,,,,,48.4,86.076,9.132
10,MYS,Malaysia,2006,0.2826,30,11.6,9.132,86.853,56.931,0.9384,0.7088,0.755,76.0056,13.16694,7.35662,10983.1776,71.7034,12.39226,8.3518,24338.40224,0.6509,0.0558,0.5924,0.9853,0.9703,48.7,87.4746,9.132
10,MYS,Malaysia,2007,0.2802,30,11.1,10.046,86.979,56.886,0.9428,0.7196,0.763,76.1872,13.20698,7.87164,11699.27786,71.9018,12.44132,8.7919,24639.9765,0.6444,0.0558,0.5671,0.9853,0.9695,49.1,88.8732,10.046
10,MYS,Malaysia,2008,0.2778,29,13.1,10.811,86.505,56.445,0.9472,0.7304,0.771,76.3688,13.24702,8.38666,12415.37811,72.1002,12.49038,9.232,24941.55077,0.6442,0.0631,0.5548,0.9895,0.9695,49.3,90.2718,10.811
10,MYS,Malaysia,2009,0.2754,29,13.9,9.91,85.113,57.274,0.9516,0.7412,0.779,76.5504,13.28706,8.90168,13131.47837,72.2986,12.53944,9.6721,25243.12503,0.6467,0.0631,0.5653,0.9891,0.9695,49.8,91.6704,9.91
10,MYS,Malaysia,2010,0.273,30,13.95,9.91,84.661,57.095,0.956,0.752,0.787,76.732,13.3271,9.4167,13847.57863,72.497,12.5885,10.1122,25544.69929,0.6479,0.0517,0.5765,0.9899,0.9736,50,93.069,9.91
10,MYS,Malaysia,2011,0.277,30,14,10.407,85.042,58.494,0.961,0.756,0.786,76.918,13.1753,9.5167,14737.7414,72.698,12.2801,10.1427,26444.46076,0.6525,0.0517,0.5941,0.9906,0.9736,50.3,94.059,10.407
10,MYS,Malaysia,2012,0.274,30,13.3,10.407,85.605,59.892,0.964,0.762,0.791,77.105,13.3616,9.6167,15419.40795,72.902,12.4915,10.1732,26834.62541,0.6539,0.053,0.5988,0.9907,0.973,50.6,94.118,10.407
10,MYS,Malaysia,2013,0.268,30,13.2,10.36,82.988,63.068,0.97,0.77,0.794,77.293,13.5915,9.7168,16536.94107,73.109,12.5985,10.2037,27315.68204,0.6518,0.053,0.5904,0.9907,0.973,50.9,95.098,10.36
10,MYS,Malaysia,2014,0.265,30,13.1,10.36,83.959,64.584,0.972,0.777,0.799,77.48,13.855,9.8168,17477.48668,73.317,12.8121,10.2342,28417.1449,0.652,0.0523,0.6174,0.9693,0.9692,51.2,96.078,10.36
10,MYS,Malaysia,2015,0.27,30,11.8,10.36,86.243,64.996,0.975,0.784,0.804,77.663,14.0313,9.9168,18425.88979,73.521,12.9819,10.2647,29482.14731,0.655,0.051,0.634,0.967,0.969,51.9,96.117,10.36
10,MYS,Malaysia,2016,0.264,29,10.2,10.36,83.337,65.536,0.973,0.788,0.81,77.84,14.0857,10.0169,19062.55923,73.718,13.2902,10.2952,30300.97652,0.666,0.051,0.658,0.985,0.969,52.8,97.087,10.36
10,MYS,Malaysia,2017,0.263,29,9.3,10.36,83.293,66.096,0.972,0.79,0.813,78.008,14.0857,10.0208,19621.22225,73.903,13.2902,10.2992,31821.90408,0.67,0.058,0.654,0.991,0.977,53.6,97.087,10.36
10,MYS,Malaysia,2018,0.251,29,8.8,13.901,81.77,66.327,0.97,0.79,0.814,78.167,13.8224,10.0208,20041.46396,74.075,13.1352,10.2992,32713.14944,0.676,0.072,0.656,1,0.974,54.4,97.087,13.901
10,MYS,Malaysia,2019,0.253,29,8.8,14.414,84.915,66.455,0.972,0.797,0.821,78.317,14.03851,10.27343,20824.62258,74.234,13.33979,10.47029,33877.30487,0.677,0.108,0.639,0.989,0.974,55.1,98.095,14.414
,,,,,,,,,,,,,,,,,,,,,,,,,,,,
